3799_reviewed	26128_reviewed
22918_reviewed	712_reviewed
57551_reviewed	701_reviewed
722_reviewed	958_reviewed
84282_reviewed	57506_reviewed
84282_reviewed	64135_reviewed
5585_reviewed	6195_reviewed
5586_reviewed	6195_reviewed
5586_reviewed	6197_reviewed
5585_reviewed	6197_reviewed
10940_reviewed	114548_reviewed
2494_reviewed	23411_reviewed
2175_reviewed	2176_reviewed
3791_reviewed	2321_reviewed
50616_reviewed	3587_reviewed
4194_reviewed	7157_reviewed
6786_reviewed	7222_reviewed
6786_reviewed	7225_reviewed
8915_reviewed	330_reviewed
7444_reviewed	1845_reviewed
7444_reviewed	7182_reviewed
7444_reviewed	5609_reviewed
6383_reviewed	2246_reviewed
2876_reviewed	240_reviewed
56288_reviewed	3984_reviewed
10454_reviewed	7182_reviewed
26993_reviewed	5576_reviewed
26993_reviewed	10270_reviewed
55664_reviewed	5894_reviewed
4086_reviewed	10393_reviewed
4089_reviewed	10393_reviewed
55837_reviewed	1874_reviewed
7409_reviewed	6464_reviewed
2623_reviewed	5590_reviewed
30011_reviewed	8764_reviewed
1045_reviewed	6908_reviewed
1045_reviewed	6908_reviewed
93643_reviewed	50848_reviewed
23493_reviewed	23190_reviewed
7353_reviewed	23190_reviewed
29126_reviewed	940_reviewed
29126_reviewed	1493_reviewed
8841_reviewed	2034_reviewed
26060_reviewed	5867_reviewed
26060_reviewed	7879_reviewed
26060_reviewed	8766_reviewed
55198_reviewed	5867_reviewed
55198_reviewed	7879_reviewed
55198_reviewed	8766_reviewed
3066_reviewed	5970_reviewed
55763_reviewed	387_reviewed
7248_reviewed	1027_reviewed
7248_reviewed	6502_reviewed
369_reviewed	598_reviewed
369_reviewed	596_reviewed
3315_reviewed	1975_reviewed
3315_reviewed	8661_reviewed
3315_reviewed	1977_reviewed
3315_reviewed	1973_reviewed
3315_reviewed	8569_reviewed
5294_reviewed	5296_reviewed
5585_reviewed	10746_reviewed
5586_reviewed	4215_reviewed
598_reviewed	57506_reviewed
4976_reviewed	57506_reviewed
9402_reviewed	10657_reviewed
9402_reviewed	6654_reviewed
9402_reviewed	867_reviewed
4830_reviewed	4193_reviewed
2064_reviewed	5296_reviewed
2264_reviewed	2247_reviewed
29109_reviewed	387_reviewed
29109_reviewed	998_reviewed
29109_reviewed	5880_reviewed
29109_reviewed	5881_reviewed
7424_reviewed	2321_reviewed
722_reviewed	958_reviewed
10401_reviewed	6772_reviewed
4800_reviewed	6908_reviewed
6908_reviewed	4800_reviewed
10244_reviewed	7879_reviewed
10244_reviewed	3265_reviewed
9021_reviewed	3717_reviewed
5621_reviewed	51343_reviewed
100_reviewed	1803_reviewed
4734_reviewed	51429_reviewed
1457_reviewed	7343_reviewed
1977_reviewed	27161_reviewed
4488_reviewed	5371_reviewed
8932_reviewed	29947_reviewed
53615_reviewed	29947_reviewed
10399_reviewed	7157_reviewed
3308_reviewed	581_reviewed
334_reviewed	972_reviewed
11315_reviewed	10891_reviewed
4690_reviewed	1956_reviewed
3066_reviewed	1911_reviewed
3066_reviewed	2146_reviewed
3066_reviewed	60528_reviewed
3066_reviewed	6015_reviewed
5925_reviewed	4088_reviewed
5934_reviewed	4088_reviewed
81502_reviewed	972_reviewed
10464_reviewed	3566_reviewed
6878_reviewed	6879_reviewed
1380_reviewed	5296_reviewed
2775_reviewed	2139_reviewed
9702_reviewed	2246_reviewed
6667_reviewed	25842_reviewed
4654_reviewed	6418_reviewed
4790_reviewed	6418_reviewed
7157_reviewed	6418_reviewed
8668_reviewed	92_reviewed
8668_reviewed	90_reviewed
8668_reviewed	7046_reviewed
8717_reviewed	8797_reviewed
8737_reviewed	8797_reviewed
8717_reviewed	8795_reviewed
8737_reviewed	8795_reviewed
7189_reviewed	3661_reviewed
3481_reviewed	3480_reviewed
7027_reviewed	1017_reviewed
7027_reviewed	8900_reviewed
7529_reviewed	7248_reviewed
7531_reviewed	7248_reviewed
2810_reviewed	7248_reviewed
7534_reviewed	7248_reviewed
1855_reviewed	7248_reviewed
207_reviewed	7248_reviewed
2308_reviewed	7248_reviewed
1027_reviewed	7248_reviewed
166_reviewed	3065_reviewed
4938_reviewed	4152_reviewed
28996_reviewed	4193_reviewed
7422_reviewed	8829_reviewed
4771_reviewed	7430_reviewed
80306_reviewed	4478_reviewed
10474_reviewed	5914_reviewed
10811_reviewed	4689_reviewed
5329_reviewed	5328_reviewed
5329_reviewed	3732_reviewed
8227_reviewed	7307_reviewed
8227_reviewed	11338_reviewed
1736_reviewed	2175_reviewed
4043_reviewed	351_reviewed
7421_reviewed	51720_reviewed
5468_reviewed	51720_reviewed
6256_reviewed	51720_reviewed
10062_reviewed	51720_reviewed
5916_reviewed	51720_reviewed
6097_reviewed	51720_reviewed
55756_reviewed	51692_reviewed
54973_reviewed	29894_reviewed
55756_reviewed	29894_reviewed
2261_reviewed	2247_reviewed
2261_reviewed	2252_reviewed
1459_reviewed	5300_reviewed
10459_reviewed	8379_reviewed
11146_reviewed	3480_reviewed
11146_reviewed	3643_reviewed
10399_reviewed	2770_reviewed
10399_reviewed	2778_reviewed
10399_reviewed	2776_reviewed
10399_reviewed	5142_reviewed
10399_reviewed	5142_reviewed
10399_reviewed	5142_reviewed
10399_reviewed	5144_reviewed
10399_reviewed	5144_reviewed
10399_reviewed	5144_reviewed
10399_reviewed	5144_reviewed
5144_reviewed	9276_reviewed
5144_reviewed	2782_reviewed
84062_reviewed	1452_reviewed
84062_reviewed	1453_reviewed
84062_reviewed	1454_reviewed
55861_reviewed	1452_reviewed
4602_reviewed	7157_reviewed
2146_reviewed	60528_reviewed
148022_reviewed	7099_reviewed
2066_reviewed	5295_reviewed
7423_reviewed	3791_reviewed
7185_reviewed	958_reviewed
9618_reviewed	958_reviewed
56034_reviewed	2321_reviewed
3875_reviewed	5340_reviewed
657_reviewed	7040_reviewed
657_reviewed	654_reviewed
658_reviewed	7040_reviewed
658_reviewed	654_reviewed
1500_reviewed	1495_reviewed
1500_reviewed	1500_reviewed
1500_reviewed	1499_reviewed
1500_reviewed	3728_reviewed
1447_reviewed	30835_reviewed
9112_reviewed	7528_reviewed
9112_reviewed	2287_reviewed
6881_reviewed	6873_reviewed
6881_reviewed	6880_reviewed
6881_reviewed	6882_reviewed
5228_reviewed	3791_reviewed
1191_reviewed	1956_reviewed
959_reviewed	722_reviewed
722_reviewed	355_reviewed
722_reviewed	356_reviewed
162989_reviewed	8772_reviewed
162989_reviewed	841_reviewed
162989_reviewed	843_reviewed
79576_reviewed	8737_reviewed
7319_reviewed	55120_reviewed
29126_reviewed	940_reviewed
29126_reviewed	1493_reviewed
29126_reviewed	29851_reviewed
115650_reviewed	8741_reviewed
1499_reviewed	3320_reviewed
1499_reviewed	3329_reviewed
1499_reviewed	3308_reviewed
1499_reviewed	7184_reviewed
1499_reviewed	1649_reviewed
112939_reviewed	7704_reviewed
4170_reviewed	596_reviewed
4170_reviewed	596_reviewed
4170_reviewed	598_reviewed
4170_reviewed	599_reviewed
4170_reviewed	4170_reviewed
4170_reviewed	598_reviewed
4170_reviewed	599_reviewed
4170_reviewed	581_reviewed
4170_reviewed	578_reviewed
4170_reviewed	4170_reviewed
9295_reviewed	6625_reviewed
23162_reviewed	351_reviewed
7791_reviewed	7490_reviewed
659_reviewed	650_reviewed
3552_reviewed	1956_reviewed
7124_reviewed	1956_reviewed
1438_reviewed	3562_reviewed
3791_reviewed	5228_reviewed
917_reviewed	7535_reviewed
915_reviewed	7535_reviewed
916_reviewed	7535_reviewed
8741_reviewed	115650_reviewed
983_reviewed	898_reviewed
4172_reviewed	6772_reviewed
90_reviewed	3624_reviewed
1457_reviewed	1457_reviewed
5519_reviewed	5526_reviewed
7750_reviewed	23186_reviewed
7852_reviewed	4673_reviewed
7423_reviewed	3791_reviewed
5228_reviewed	3791_reviewed
5228_reviewed	2324_reviewed
7423_reviewed	2324_reviewed
5193_reviewed	5193_reviewed
5193_reviewed	5195_reviewed
5193_reviewed	8799_reviewed
5193_reviewed	9409_reviewed
5191_reviewed	5191_reviewed
5191_reviewed	5828_reviewed
10681_reviewed	85406_reviewed
4092_reviewed	1487_reviewed
8312_reviewed	5518_reviewed
55660_reviewed	57562_reviewed
3516_reviewed	3066_reviewed
467_reviewed	4792_reviewed
7551_reviewed	1445_reviewed
23517_reviewed	51010_reviewed
23016_reviewed	23016_reviewed
7220_reviewed	7223_reviewed
26146_reviewed	9618_reviewed
595_reviewed	23595_reviewed
1445_reviewed	1848_reviewed
26146_reviewed	7189_reviewed
9759_reviewed	83933_reviewed
64375_reviewed	29115_reviewed
5977_reviewed	7803_reviewed
55422_reviewed	29115_reviewed
7803_reviewed	22827_reviewed
2274_reviewed	27289_reviewed
118460_reviewed	54512_reviewed
596_reviewed	10133_reviewed
5087_reviewed	10514_reviewed
8683_reviewed	6432_reviewed
10989_reviewed	11244_reviewed
467_reviewed	468_reviewed
9129_reviewed	24148_reviewed
4849_reviewed	79837_reviewed
23517_reviewed	11340_reviewed
4000_reviewed	3315_reviewed
10971_reviewed	207_reviewed
2783_reviewed	27289_reviewed
5867_reviewed	6915_reviewed
4478_reviewed	8936_reviewed
5977_reviewed	64375_reviewed
2664_reviewed	5977_reviewed
54512_reviewed	54512_reviewed
2274_reviewed	79837_reviewed
1407_reviewed	26263_reviewed
64375_reviewed	64375_reviewed
7516_reviewed	2177_reviewed
6907_reviewed	7088_reviewed
595_reviewed	4171_reviewed
54487_reviewed	57510_reviewed
55422_reviewed	6945_reviewed
2664_reviewed	1445_reviewed
1848_reviewed	29115_reviewed
7414_reviewed	29780_reviewed
3480_reviewed	309_reviewed
3224_reviewed	4088_reviewed
2783_reviewed	5977_reviewed
26121_reviewed	26121_reviewed
51013_reviewed	51013_reviewed
55422_reviewed	22827_reviewed
8504_reviewed	8504_reviewed
22894_reviewed	22894_reviewed
701_reviewed	3562_reviewed
3516_reviewed	5932_reviewed
27289_reviewed	27289_reviewed
9092_reviewed	9343_reviewed
5925_reviewed	55655_reviewed
467_reviewed	79797_reviewed
2274_reviewed	6945_reviewed
8312_reviewed	4086_reviewed
4747_reviewed	5764_reviewed
467_reviewed	5977_reviewed
5595_reviewed	6860_reviewed
1445_reviewed	7803_reviewed
1408_reviewed	26271_reviewed
2273_reviewed	9457_reviewed
2664_reviewed	7803_reviewed
5071_reviewed	9759_reviewed
4849_reviewed	27289_reviewed
5764_reviewed	11244_reviewed
5934_reviewed	4087_reviewed
7157_reviewed	8382_reviewed
4849_reviewed	55422_reviewed
2908_reviewed	2091_reviewed
9382_reviewed	10466_reviewed
55660_reviewed	4747_reviewed
55791_reviewed	55791_reviewed
28986_reviewed	57562_reviewed
1937_reviewed	55791_reviewed
467_reviewed	27289_reviewed
5977_reviewed	79797_reviewed
7551_reviewed	7803_reviewed
5393_reviewed	22894_reviewed
1871_reviewed	126626_reviewed
10465_reviewed	24148_reviewed
4091_reviewed	51592_reviewed
5192_reviewed	8504_reviewed
4849_reviewed	7551_reviewed
4849_reviewed	2664_reviewed
4792_reviewed	7803_reviewed
1875_reviewed	126626_reviewed
5977_reviewed	22827_reviewed
7551_reviewed	4792_reviewed
6625_reviewed	6427_reviewed
467_reviewed	1445_reviewed
23016_reviewed	56915_reviewed
9409_reviewed	9409_reviewed
7551_reviewed	64375_reviewed
7068_reviewed	5629_reviewed
1407_reviewed	79176_reviewed
5914_reviewed	5629_reviewed
4792_reviewed	5977_reviewed
2783_reviewed	29115_reviewed
5987_reviewed	5566_reviewed
5515_reviewed	1176_reviewed
10049_reviewed	3861_reviewed
8799_reviewed	8504_reviewed
5617_reviewed	5478_reviewed
1408_reviewed	8945_reviewed
79837_reviewed	22827_reviewed
6427_reviewed	8227_reviewed
1445_reviewed	79837_reviewed
10626_reviewed	29108_reviewed
1407_reviewed	84678_reviewed
9208_reviewed	51176_reviewed
27289_reviewed	22827_reviewed
4849_reviewed	7988_reviewed
7551_reviewed	29115_reviewed
84342_reviewed	25839_reviewed
2664_reviewed	79797_reviewed
203068_reviewed	7088_reviewed
468_reviewed	79837_reviewed
1937_reviewed	333_reviewed
4171_reviewed	4171_reviewed
23404_reviewed	22894_reviewed
467_reviewed	2783_reviewed
1407_reviewed	26268_reviewed
9265_reviewed	5914_reviewed
11144_reviewed	2177_reviewed
51588_reviewed	57562_reviewed
1815_reviewed	59349_reviewed
2783_reviewed	7988_reviewed
1874_reviewed	126626_reviewed
4092_reviewed	51592_reviewed
2353_reviewed	4171_reviewed
10200_reviewed	22894_reviewed
7185_reviewed	79444_reviewed
4086_reviewed	51592_reviewed
4092_reviewed	3224_reviewed
4000_reviewed	819_reviewed
88_reviewed	3611_reviewed
23595_reviewed	23595_reviewed
7188_reviewed	26146_reviewed
10915_reviewed	55791_reviewed
2664_reviewed	1848_reviewed
9343_reviewed	9343_reviewed
4088_reviewed	3065_reviewed
598_reviewed	4170_reviewed
467_reviewed	55422_reviewed
6776_reviewed	90480_reviewed
7067_reviewed	5629_reviewed
4092_reviewed	3205_reviewed
5195_reviewed	8799_reviewed
2783_reviewed	79797_reviewed
5192_reviewed	5194_reviewed
9128_reviewed	9343_reviewed
8996_reviewed	7307_reviewed
55660_reviewed	55791_reviewed
207_reviewed	7529_reviewed
1855_reviewed	1499_reviewed
905_reviewed	2896_reviewed
468_reviewed	2664_reviewed
468_reviewed	1848_reviewed
1870_reviewed	126626_reviewed
5192_reviewed	5828_reviewed
5977_reviewed	5977_reviewed
468_reviewed	6945_reviewed
4792_reviewed	1445_reviewed
996_reviewed	1025_reviewed
7520_reviewed	5965_reviewed
1026_reviewed	4171_reviewed
5393_reviewed	118460_reviewed
1445_reviewed	5977_reviewed
57562_reviewed	11244_reviewed
5191_reviewed	5192_reviewed
1855_reviewed	1452_reviewed
10915_reviewed	10915_reviewed
5890_reviewed	7517_reviewed
7517_reviewed	2177_reviewed
7157_reviewed	4832_reviewed
153_reviewed	9495_reviewed
468_reviewed	5977_reviewed
468_reviewed	7803_reviewed
5829_reviewed	29780_reviewed
10010_reviewed	10616_reviewed
5393_reviewed	11340_reviewed
5828_reviewed	9409_reviewed
5888_reviewed	25788_reviewed
6506_reviewed	23212_reviewed
1848_reviewed	64375_reviewed
10200_reviewed	10200_reviewed
5393_reviewed	51013_reviewed
83696_reviewed	8517_reviewed
9382_reviewed	57511_reviewed
23517_reviewed	5393_reviewed
27289_reviewed	6945_reviewed
7803_reviewed	79797_reviewed
118460_reviewed	10200_reviewed
10915_reviewed	4747_reviewed
23404_reviewed	23404_reviewed
4088_reviewed	1869_reviewed
4792_reviewed	55422_reviewed
4173_reviewed	23595_reviewed
5889_reviewed	2177_reviewed
468_reviewed	55422_reviewed
22796_reviewed	10466_reviewed
5193_reviewed	5828_reviewed
5193_reviewed	8504_reviewed
10572_reviewed	1902_reviewed
10049_reviewed	1674_reviewed
8819_reviewed	3516_reviewed
8799_reviewed	5828_reviewed
3265_reviewed	5594_reviewed
4792_reviewed	22827_reviewed
1937_reviewed	11244_reviewed
8438_reviewed	2177_reviewed
5194_reviewed	9409_reviewed
64375_reviewed	6945_reviewed
467_reviewed	6945_reviewed
1407_reviewed	26271_reviewed
5771_reviewed	7529_reviewed
27289_reviewed	7803_reviewed
25839_reviewed	57511_reviewed
468_reviewed	22827_reviewed
333_reviewed	28986_reviewed
2783_reviewed	2274_reviewed
6502_reviewed	1408_reviewed
5191_reviewed	5195_reviewed
6867_reviewed	8850_reviewed
596_reviewed	4170_reviewed
6004_reviewed	148_reviewed
5764_reviewed	55791_reviewed
2273_reviewed	2273_reviewed
79837_reviewed	7988_reviewed
23517_reviewed	51013_reviewed
2273_reviewed	2274_reviewed
10915_reviewed	55660_reviewed
8318_reviewed	4171_reviewed
2274_reviewed	7803_reviewed
91949_reviewed	83548_reviewed
331_reviewed	7185_reviewed
1445_reviewed	2783_reviewed
8676_reviewed	2275_reviewed
7185_reviewed	26146_reviewed
83548_reviewed	10466_reviewed
64375_reviewed	7988_reviewed
10200_reviewed	51013_reviewed
28986_reviewed	28986_reviewed
2624_reviewed	7088_reviewed
9129_reviewed	9129_reviewed
4849_reviewed	6945_reviewed
55660_reviewed	28986_reviewed
5449_reviewed	7088_reviewed
22796_reviewed	9382_reviewed
85406_reviewed	59345_reviewed
468_reviewed	2274_reviewed
2664_reviewed	2274_reviewed
27289_reviewed	64375_reviewed
1848_reviewed	27289_reviewed
79837_reviewed	64375_reviewed
1408_reviewed	22992_reviewed
27289_reviewed	55422_reviewed
2783_reviewed	6945_reviewed
118460_reviewed	56915_reviewed
79837_reviewed	79797_reviewed
55660_reviewed	55660_reviewed
8431_reviewed	5629_reviewed
79837_reviewed	7803_reviewed
9343_reviewed	26121_reviewed
467_reviewed	79837_reviewed
2664_reviewed	2783_reviewed
2783_reviewed	64375_reviewed
5193_reviewed	5194_reviewed
5191_reviewed	5194_reviewed
10465_reviewed	10465_reviewed
2908_reviewed	5629_reviewed
5595_reviewed	78986_reviewed
6506_reviewed	51428_reviewed
5764_reviewed	1937_reviewed
79797_reviewed	22827_reviewed
7551_reviewed	1848_reviewed
468_reviewed	64375_reviewed
27289_reviewed	29115_reviewed
4792_reviewed	2783_reviewed
1869_reviewed	4087_reviewed
1408_reviewed	84678_reviewed
2274_reviewed	1848_reviewed
5764_reviewed	28986_reviewed
5595_reviewed	84656_reviewed
467_reviewed	22827_reviewed
6778_reviewed	1660_reviewed
1937_reviewed	51588_reviewed
6945_reviewed	6945_reviewed
8312_reviewed	4089_reviewed
8996_reviewed	6428_reviewed
5925_reviewed	4088_reviewed
5828_reviewed	5828_reviewed
2664_reviewed	2664_reviewed
6502_reviewed	1407_reviewed
4000_reviewed	7529_reviewed
22796_reviewed	57511_reviewed
468_reviewed	468_reviewed
2782_reviewed	85406_reviewed
11244_reviewed	11244_reviewed
10465_reviewed	9416_reviewed
2534_reviewed	5578_reviewed
8772_reviewed	148022_reviewed
1018_reviewed	23595_reviewed
4849_reviewed	4792_reviewed
8819_reviewed	57649_reviewed
1937_reviewed	57562_reviewed
10454_reviewed	10616_reviewed
4067_reviewed	5578_reviewed
1855_reviewed	2932_reviewed
10915_reviewed	333_reviewed
5626_reviewed	7088_reviewed
8676_reviewed	2274_reviewed
203068_reviewed	142_reviewed
468_reviewed	27289_reviewed
1728_reviewed	4193_reviewed
333_reviewed	51588_reviewed
5925_reviewed	25942_reviewed
7517_reviewed	5892_reviewed
2321_reviewed	52_reviewed
5828_reviewed	5194_reviewed
5599_reviewed	8569_reviewed
3224_reviewed	4087_reviewed
467_reviewed	1848_reviewed
10915_reviewed	57562_reviewed
4792_reviewed	29115_reviewed
1407_reviewed	22992_reviewed
5890_reviewed	2177_reviewed
5888_reviewed	2177_reviewed
1848_reviewed	1848_reviewed
56915_reviewed	56915_reviewed
23517_reviewed	22894_reviewed
27289_reviewed	79797_reviewed
23016_reviewed	11340_reviewed
7803_reviewed	7803_reviewed
9129_reviewed	9416_reviewed
8799_reviewed	8799_reviewed
4747_reviewed	1937_reviewed
1937_reviewed	10989_reviewed
468_reviewed	2783_reviewed
9129_reviewed	10465_reviewed
1742_reviewed	2902_reviewed
2547_reviewed	5965_reviewed
468_reviewed	79797_reviewed
4089_reviewed	7050_reviewed
5592_reviewed	10335_reviewed
5977_reviewed	6945_reviewed
23517_reviewed	23517_reviewed
7551_reviewed	22827_reviewed
54512_reviewed	22894_reviewed
51588_reviewed	51588_reviewed
1500_reviewed	8727_reviewed
4849_reviewed	467_reviewed
4849_reviewed	5977_reviewed
4792_reviewed	2274_reviewed
10009_reviewed	57659_reviewed
7988_reviewed	22827_reviewed
4088_reviewed	51592_reviewed
6625_reviewed	8227_reviewed
4747_reviewed	57562_reviewed
7551_reviewed	2783_reviewed
1869_reviewed	2553_reviewed
4171_reviewed	4998_reviewed
3065_reviewed	23493_reviewed
7551_reviewed	2664_reviewed
2664_reviewed	55422_reviewed
1408_reviewed	26263_reviewed
79837_reviewed	27289_reviewed
6907_reviewed	142_reviewed
9134_reviewed	4171_reviewed
4170_reviewed	599_reviewed
2664_reviewed	29115_reviewed
1869_reviewed	2551_reviewed
64375_reviewed	22827_reviewed
5828_reviewed	8504_reviewed
2664_reviewed	7988_reviewed
1445_reviewed	64375_reviewed
4747_reviewed	28986_reviewed
5663_reviewed	5074_reviewed
5393_reviewed	56915_reviewed
5191_reviewed	9409_reviewed
1147_reviewed	83696_reviewed
6591_reviewed	1487_reviewed
5925_reviewed	4087_reviewed
374_reviewed	85409_reviewed
10049_reviewed	7431_reviewed
2664_reviewed	64375_reviewed
1785_reviewed	10451_reviewed
10989_reviewed	28986_reviewed
4792_reviewed	79797_reviewed
3091_reviewed	8517_reviewed
7803_reviewed	6945_reviewed
6935_reviewed	3065_reviewed
55660_reviewed	10989_reviewed
4792_reviewed	27289_reviewed
5893_reviewed	2177_reviewed
9129_reviewed	9343_reviewed
5393_reviewed	10200_reviewed
55791_reviewed	28986_reviewed
2969_reviewed	5592_reviewed
2664_reviewed	6945_reviewed
23016_reviewed	10200_reviewed
5191_reviewed	8799_reviewed
4747_reviewed	11244_reviewed
2783_reviewed	22827_reviewed
5764_reviewed	57562_reviewed
10915_reviewed	11244_reviewed
4849_reviewed	2783_reviewed
4849_reviewed	64375_reviewed
27289_reviewed	5977_reviewed
4849_reviewed	2274_reviewed
2783_reviewed	2783_reviewed
57562_reviewed	57562_reviewed
8996_reviewed	6429_reviewed
51053_reviewed	4171_reviewed
79797_reviewed	6945_reviewed
9276_reviewed	5144_reviewed
1848_reviewed	5977_reviewed
6004_reviewed	146_reviewed
91949_reviewed	22796_reviewed
493_reviewed	10971_reviewed
2664_reviewed	79837_reviewed
11340_reviewed	10200_reviewed
5977_reviewed	55422_reviewed
6004_reviewed	147_reviewed
3265_reviewed	5599_reviewed
7551_reviewed	468_reviewed
2664_reviewed	22827_reviewed
7551_reviewed	467_reviewed
1848_reviewed	6945_reviewed
8996_reviewed	6426_reviewed
10201_reviewed	7157_reviewed
6772_reviewed	90480_reviewed
7027_reviewed	126626_reviewed
10465_reviewed	9343_reviewed
146_reviewed	5997_reviewed
468_reviewed	29115_reviewed
7803_reviewed	55422_reviewed
8996_reviewed	6434_reviewed
1080_reviewed	1180_reviewed
467_reviewed	29115_reviewed
4137_reviewed	2932_reviewed
467_reviewed	64375_reviewed
147_reviewed	5997_reviewed
4849_reviewed	79797_reviewed
1956_reviewed	30011_reviewed
1445_reviewed	79797_reviewed
7013_reviewed	7014_reviewed
8504_reviewed	5194_reviewed
8799_reviewed	5194_reviewed
1407_reviewed	25827_reviewed
1445_reviewed	29115_reviewed
4089_reviewed	64750_reviewed
11340_reviewed	54512_reviewed
5191_reviewed	8504_reviewed
10915_reviewed	5764_reviewed
10915_reviewed	1937_reviewed
10915_reviewed	10989_reviewed
7517_reviewed	7516_reviewed
10817_reviewed	390_reviewed
10043_reviewed	9372_reviewed
8996_reviewed	6638_reviewed
8996_reviewed	6427_reviewed
4792_reviewed	2664_reviewed
55660_reviewed	1937_reviewed
6428_reviewed	8227_reviewed
5579_reviewed	6714_reviewed
4747_reviewed	333_reviewed
5934_reviewed	126626_reviewed
10200_reviewed	54512_reviewed
1848_reviewed	22827_reviewed
7803_reviewed	29115_reviewed
10049_reviewed	2670_reviewed
1445_reviewed	22827_reviewed
1408_reviewed	79176_reviewed
4792_reviewed	1848_reviewed
3205_reviewed	4088_reviewed
5594_reviewed	130497_reviewed
10399_reviewed	5588_reviewed
5977_reviewed	29115_reviewed
1017_reviewed	4171_reviewed
9092_reviewed	10465_reviewed
7551_reviewed	6945_reviewed
64375_reviewed	55422_reviewed
9129_reviewed	26121_reviewed
7551_reviewed	79797_reviewed
10134_reviewed	581_reviewed
6945_reviewed	22827_reviewed
55660_reviewed	5764_reviewed
7551_reviewed	79837_reviewed
1408_reviewed	25827_reviewed
79837_reviewed	5977_reviewed
8996_reviewed	6294_reviewed
10049_reviewed	3852_reviewed
1398_reviewed	6860_reviewed
10399_reviewed	5142_reviewed
1445_reviewed	1445_reviewed
91949_reviewed	9382_reviewed
4487_reviewed	7088_reviewed
8939_reviewed	22827_reviewed
88_reviewed	57159_reviewed
79837_reviewed	29115_reviewed
4849_reviewed	7803_reviewed
5393_reviewed	5393_reviewed
4849_reviewed	22827_reviewed
5867_reviewed	80223_reviewed
5892_reviewed	2177_reviewed
2783_reviewed	55422_reviewed
1848_reviewed	7803_reviewed
5764_reviewed	10989_reviewed
2783_reviewed	85406_reviewed
4792_reviewed	79837_reviewed
1408_reviewed	26268_reviewed
708_reviewed	4802_reviewed
1445_reviewed	6945_reviewed
7803_reviewed	64375_reviewed
83548_reviewed	57511_reviewed
7988_reviewed	6945_reviewed
2783_reviewed	7803_reviewed
10465_reviewed	10713_reviewed
7186_reviewed	26146_reviewed
467_reviewed	7803_reviewed
4088_reviewed	5934_reviewed
4771_reviewed	8936_reviewed
493_reviewed	7534_reviewed
9448_reviewed	5906_reviewed
6256_reviewed	5629_reviewed
1017_reviewed	23595_reviewed
3205_reviewed	4087_reviewed
1848_reviewed	79837_reviewed
83548_reviewed	84342_reviewed
8312_reviewed	4090_reviewed
23476_reviewed	5111_reviewed
8996_reviewed	6431_reviewed
4849_reviewed	1848_reviewed
8676_reviewed	2273_reviewed
5579_reviewed	2534_reviewed
7551_reviewed	5977_reviewed
54512_reviewed	56915_reviewed
2783_reviewed	1848_reviewed
118460_reviewed	118460_reviewed
1937_reviewed	28986_reviewed
118460_reviewed	22894_reviewed
4671_reviewed	56616_reviewed
988_reviewed	23595_reviewed
10915_reviewed	28986_reviewed
4849_reviewed	29115_reviewed
467_reviewed	2664_reviewed
468_reviewed	1445_reviewed
55791_reviewed	11244_reviewed
83548_reviewed	25839_reviewed
4747_reviewed	55791_reviewed
5933_reviewed	3065_reviewed
1785_reviewed	7410_reviewed
1495_reviewed	8727_reviewed
333_reviewed	11244_reviewed
79837_reviewed	6945_reviewed
23517_reviewed	23016_reviewed
4088_reviewed	25942_reviewed
3265_reviewed	1432_reviewed
6498_reviewed	64750_reviewed
22796_reviewed	84342_reviewed
22894_reviewed	51013_reviewed
1499_reviewed	5499_reviewed
9382_reviewed	84342_reviewed
5000_reviewed	4171_reviewed
7170_reviewed	11034_reviewed
83933_reviewed	10013_reviewed
190_reviewed	5629_reviewed
10200_reviewed	56915_reviewed
5599_reviewed	84656_reviewed
333_reviewed	10989_reviewed
4792_reviewed	6945_reviewed
1407_reviewed	8945_reviewed
1445_reviewed	55422_reviewed
29115_reviewed	29115_reviewed
8799_reviewed	9409_reviewed
390_reviewed	10818_reviewed
64375_reviewed	79797_reviewed
4849_reviewed	4849_reviewed
5089_reviewed	10514_reviewed
28986_reviewed	11244_reviewed
56915_reviewed	22894_reviewed
1445_reviewed	27289_reviewed
79837_reviewed	55422_reviewed
10713_reviewed	10713_reviewed
5192_reviewed	9409_reviewed
4849_reviewed	468_reviewed
7551_reviewed	55422_reviewed
2664_reviewed	27289_reviewed
2770_reviewed	85406_reviewed
1019_reviewed	23595_reviewed
2784_reviewed	85406_reviewed
1848_reviewed	79797_reviewed
7551_reviewed	27289_reviewed
23517_reviewed	54512_reviewed
3516_reviewed	6015_reviewed
197_reviewed	823_reviewed
23016_reviewed	22894_reviewed
4849_reviewed	1445_reviewed
2783_reviewed	79837_reviewed
23517_reviewed	56915_reviewed
1848_reviewed	55422_reviewed
